<desktopflowbinary desktopflowbinaryid="46dee2c2-2f3a-40d6-ae23-928439edf0c5">
  <data mimetype="application/json">ConnectorDefinition_9d0f3b13-d56d-4935-b5d6-67503c06841d.json</data>
  <iscustomizable>1</iscustomizable>
  <metadata>{}</metadata>
  <mimetype>application/json</mimetype>
  <name>Desktop flow connector definition</name>
  <process>
    <workflowid>dc989486-4437-43b7-8fa5-8d01ca5aa342</workflowid>
  </process>
  <reference>/providers/Microsoft.PowerApps/apis/shared_sharepointonline</reference>
  <statecode>0</statecode>
  <statuscode>1</statuscode>
  <type>ConnectorDefinition</type>
</desktopflowbinary>