<desktopflowbinary desktopflowbinaryid="657d8100-c6f0-4be6-b4d4-d0df80b74366">
  <data mimetype="application/json">ManifestFile_657d8100-c6f0-4be6-b4d4-d0df80b74366.json</data>
  <iscustomizable>1</iscustomizable>
  <metadata>{}</metadata>
  <mimetype>application/json</mimetype>
  <name>Desktop flow manifest file</name>
  <process>
    <workflowid>dc989486-4437-43b7-8fa5-8d01ca5aa342</workflowid>
  </process>
  <reference>flow.manifest</reference>
  <statecode>0</statecode>
  <statuscode>1</statuscode>
  <type>ManifestFile</type>
</desktopflowbinary>