{"CreatedEngineVersion":{"Major":2,"Minor":14,"Build":183,"Revision":24303,"MajorRevision":0,"MinorRevision":24303},"ModuleReferences":[{"AssemblyName":"Microsoft.Flow.RPA.Desktop.Modules.Web.Actions","Name":"Web","Id":"00000000-0000-0000-0000-000000000000","PublicKeyToken":"31bf3856ad364e35","Type":1,"Version":{"Major":1,"Minor":2,"Build":0,"Revision":0,"MajorRevision":0,"MinorRevision":0}},{"AssemblyName":"Microsoft.Flow.RPA.Desktop.Modules.Display.Actions","Name":"Display","Id":"00000000-0000-0000-0000-000000000000","PublicKeyToken":"31bf3856ad364e35","Type":1,"Version":{"Major":1,"Minor":1,"Build":0,"Revision":0,"MajorRevision":0,"MinorRevision":0}},{"AssemblyName":"Microsoft.Flow.RPA.Desktop.Modules.File.Actions","Name":"File","Id":"00000000-0000-0000-0000-000000000000","PublicKeyToken":"31bf3856ad364e35","Type":1,"Version":{"Major":1,"Minor":4,"Build":0,"Revision":0,"MajorRevision":0,"MinorRevision":0}},{"AssemblyName":"Microsoft.Flow.RPA.Desktop.Modules.Variables.Actions","Name":"Variables","Id":"00000000-0000-0000-0000-000000000000","PublicKeyToken":"31bf3856ad364e35","Type":1,"Version":{"Major":1,"Minor":3,"Build":0,"Revision":0,"MajorRevision":0,"MinorRevision":0}},{"AssemblyName":"Microsoft.Flow.RPA.Desktop.Modules.Text.Actions","Name":"Text","Id":"00000000-0000-0000-0000-000000000000","PublicKeyToken":"31bf3856ad364e35","Type":1,"Version":{"Major":1,"Minor":3,"Build":0,"Revision":0,"MajorRevision":0,"MinorRevision":0}},{"AssemblyName":"Microsoft.Flow.RPA.Desktop.Modules.Folder.Actions","Name":"Folder","Id":"00000000-0000-0000-0000-000000000000","PublicKeyToken":"31bf3856ad364e35","Type":1,"Version":{"Major":1,"Minor":0,"Build":0,"Revision":0,"MajorRevision":0,"MinorRevision":0}}],"ConnectorReferences":[{"ConnectorId":"/providers/Microsoft.PowerApps/apis/shared_sharepointonline","ConnectorName":"shared_sharepointonline","IsCustom":false,"Locale":"en-IN"},{"ConnectorId":"/providers/Microsoft.PowerApps/apis/shared_office365","ConnectorName":"shared_office365","IsCustom":false,"Locale":"en-IN"}],"PowerFxEnabled":false,"EngineVersion":{"Major":2,"Minor":4,"Build":183,"Revision":24303,"MajorRevision":0,"MinorRevision":24303},"PowerFxVersion":{"Major":1,"Minor":10,"Build":20241004,"Revision":2,"MajorRevision":0,"MinorRevision":2}}