<desktopflowbinary desktopflowbinaryid="1148926d-f75d-4744-9f7e-0f7c0174a531">
  <data mimetype="application/json">ControlRepository_fc428d88-e8d4-4baf-9c2c-2bd635a963d9.json</data>
  <iscustomizable>1</iscustomizable>
  <metadata>{}</metadata>
  <mimetype>application/json</mimetype>
  <name>Desktop flow ui elements</name>
  <process>
    <workflowid>dc989486-4437-43b7-8fa5-8d01ca5aa342</workflowid>
  </process>
  <reference>controlRepo.appmask</reference>
  <statecode>0</statecode>
  <statuscode>1</statuscode>
  <type>ControlRepository</type>
</desktopflowbinary>