<desktopflowbinary desktopflowbinaryid="42ab4e37-c61e-4963-b5d7-15a307ce0642">
  <data mimetype="application/json">ImageRepository_272930ad-c805-4d04-8772-4bef85462ff2.json</data>
  <iscustomizable>1</iscustomizable>
  <metadata>{}</metadata>
  <mimetype>application/json</mimetype>
  <name>Desktop flow images</name>
  <process>
    <workflowid>dc989486-4437-43b7-8fa5-8d01ca5aa342</workflowid>
  </process>
  <reference>imageRepo.imgrepo</reference>
  <statecode>0</statecode>
  <statuscode>1</statuscode>
  <type>ImageRepository</type>
</desktopflowbinary>