<desktopflowbinary desktopflowbinaryid="43f8163e-a380-4a39-84db-37e1c2e26942">
  <data mimetype="application/json">ConnectorDefinition_fdc453ab-c080-4b6b-b6e6-69475189d140.json</data>
  <iscustomizable>1</iscustomizable>
  <metadata>{}</metadata>
  <mimetype>application/json</mimetype>
  <name>Desktop flow connector definition</name>
  <process>
    <workflowid>dc989486-4437-43b7-8fa5-8d01ca5aa342</workflowid>
  </process>
  <reference>/providers/Microsoft.PowerApps/apis/shared_office365</reference>
  <statecode>0</statecode>
  <statuscode>1</statuscode>
  <type>ConnectorDefinition</type>
</desktopflowbinary>