<ImportExportXml xmlns:xsi="http://www.w3.org/2001/XMLSchema-instance" OrganizationVersion="9.2.24112.182" OrganizationSchemaType="Standard" CRMServerServiceabilityVersion="9.2.24112.00182">
  <Entities></Entities>
  <Roles></Roles>
  <Workflows>
    <Workflow WorkflowId="{dc989486-4437-43b7-8fa5-8d01ca5aa342}" Name="UseCase2CollectDataFromAPI">
      <JsonFileName>/Workflows/UseCase2CollectDataFromAPI-DC989486-4437-43B7-8FA5-8D01CA5AA342.json</JsonFileName>
      <Type>1</Type>
      <Subprocess>0</Subprocess>
      <Category>6</Category>
      <Mode>0</Mode>
      <Scope>4</Scope>
      <OnDemand>0</OnDemand>
      <TriggerOnCreate>0</TriggerOnCreate>
      <TriggerOnDelete>0</TriggerOnDelete>
      <AsyncAutodelete>0</AsyncAutodelete>
      <SyncWorkflowLogOnFailure>0</SyncWorkflowLogOnFailure>
      <StateCode>1</StateCode>
      <StatusCode>2</StatusCode>
      <RunAs>1</RunAs>
      <IsTransacted>1</IsTransacted>
      <IntroducedVersion>1.0</IntroducedVersion>
      <IsCustomizable>1</IsCustomizable>
      <BusinessProcessType>0</BusinessProcessType>
      <UIFlowType>2</UIFlowType>
      <IsCustomProcessingStepAllowedForOtherPublishers>1</IsCustomProcessingStepAllowedForOtherPublishers>
      <Metadata>{"clientversion":"2.50.125.24304","isvalid":true,"$schema":"https://schema.management.azure.com/providers/Microsoft.Logic/schemas/2016-06-01/workflowdefinition.json#","schemaVersion":"ROBIN_20211012","containsActiveConnections":true,"containsGptPredictActions":false,"containsActiveCopilotActions":false,"containsActiveWorkQueuesActions":false,"containsActiveLogMessageActions":false,"containsActiveCredentialsActions":false,"multipleRequestsState":0,"scriptType":0,"disableScreenshotCaptureOnError":false,"missingUiElementRepairType":null,"flowTimeout":null}</Metadata>
      <Inputs>{"schema":null}</Inputs>
      <Outputs>{"schema":null}</Outputs>
      <Dependencies>{"childFlows":[],"workQueues":[],"environmentVariables":[],"requiredBinaries":["657d8100-c6f0-4be6-b4d4-d0df80b74366","1148926d-f75d-4744-9f7e-0f7c0174a531","42ab4e37-c61e-4963-b5d7-15a307ce0642","46dee2c2-2f3a-40d6-ae23-928439edf0c5","43f8163e-a380-4a39-84db-37e1c2e26942","28c45ff3-4808-41db-a162-a4a8c1a5bc6a"]}</Dependencies>
      <ConnectionReferences>[{"api":{"name":"/providers/Microsoft.PowerApps/apis/shared_sharepointonline"},"displayName":"Crdb334_shared_sharepointonline_af591b0b","isDisabled":false,"connectionReferenceLogicalName":"Crdb334_shared_sharepointonline_af591b0b4a334c90b07745f9a6f05374","name":"133eb11e1f024d94b9f67095c4e3e740","connectionDisplayName":"AbhishekB@Qubit535.onmicrosoft.com","ownerId":null,"padInternalId":"ae306376-67ca-477c-a926-3cebd7c98cd9","isEmbedded":false},{"api":{"name":"/providers/Microsoft.PowerApps/apis/shared_office365"},"displayName":"Office 365 Outlook Demo-48d5a","isDisabled":false,"connectionReferenceLogicalName":"ai_sharedoffice365_48d5a","name":"shared-office365-07832374-17f8-4771-9e2f-a415ee898f36","connectionDisplayName":"AbhishekB@Qubit535.onmicrosoft.com","ownerId":null,"padInternalId":"23c44be6-fbda-4162-a526-d2da1e4a63cc","isEmbedded":false}]</ConnectionReferences>
      <Definition>"@@ConnectionString: ''\r\n@@Type: 'Local'\r\n@@DesktopType: 'local'\r\n@@DisplayName: 'Local computer'\r\nIMPORT 'controlRepo.appmask' AS appmask\r\nIMPORT 'imageRepo.imgrepo' AS imgrepo\r\n@SENSITIVE: []\r\nSET MyAPIURL TO $'''https://41f4767d-391c-47b0-934d-c4669f8133ba.mock.pstmn.io/Fungicide_Resistant'''\r\nSET i TO 0\r\nWeb.DownloadFromWeb.Download Url: MyAPIURL ConnectionTimeout: 30 FollowRedirection: True ClearCookies: False UserAgent: $'''Mozilla/5.0 (Windows; U; Windows NT 5.1; en-US; rv:1.8.1.21) Gecko/20100312 Firefox/3.6''' Encoding: Web.Encoding.AutoDetect AcceptUntrustedCertificates: False WebPageText=&gt; MyAPIResp\r\nDisplay.ShowMessageDialog.ShowMessage Title: $'''The API Response''' Message: MyAPIResp Icon: Display.Icon.Information Buttons: Display.Buttons.OK DefaultButton: Display.DefaultButton.Button1 IsTopMost: False ButtonPressed=&gt; ButtonPressed\r\nFile.WriteText File: $'''D:\\\\MyHackathon2024\\\\FungalStrain.txt''' TextToWrite: MyAPIResp AppendNewLine: True IfFileExists: File.IfFileExists.Overwrite Encoding: File.FileEncoding.Unicode\r\nVariables.ConvertJsonToCustomObject Json: MyAPIResp CustomObject=&gt; JsonAsCustomObject\r\nLOOP FOREACH CurrentItem IN JsonAsCustomObject\r\n    Variables.IncreaseVariable Value: i IncrementValue: 1\r\n    Text.ParseText.ParseForFirstOccurrence Text: CurrentItem TextToFind: 90 StartingPosition: 0 IgnoreCase: False OccurrencePosition=&gt; Position\r\n    IF Position &lt;&gt; (-1) THEN\r\n        Display.ShowMessageDialog.ShowMessage Title: $'''Item found with \\\"humidity\\\": 90''' Message: CurrentItem Icon: Display.Icon.None Buttons: Display.Buttons.OK DefaultButton: Display.DefaultButton.Button1 IsTopMost: False ButtonPressed=&gt; ButtonPressed3\r\n        Display.ShowMessageDialog.ShowMessage Title: $'''OBJECTS''' Message: $'''Here goes Object Number %i%--&gt;&gt;%CurrentItem% Found at position %Position%''' Icon: Display.Icon.Information Buttons: Display.Buttons.OK DefaultButton: Display.DefaultButton.Button1 IsTopMost: False ButtonPressed=&gt; ButtonPressed2\r\n        ERROR =&gt; LastError\r\n        BLOCK MyErrHandling\r\nON BLOCK ERROR all\r\n    THROW ERROR\r\nEND\r\n        END\r\n    END\r\nEND\r\nFolder.GetFiles Folder: $'''D:\\\\MyHackathon2024''' FileFilter: $'''*.txt''' IncludeSubfolders: False FailOnAccessDenied: True SortBy1: Folder.SortBy.NoSort SortDescending1: False SortBy2: Folder.SortBy.NoSort SortDescending2: False SortBy3: Folder.SortBy.NoSort SortDescending3: False Files=&gt; Files\r\nLOOP FOREACH CurrentItem2 IN Files\r\n    @@dataset: 'OnePoint - https://qubit535.sharepoint.com/sites/OnePoint'\r\n@@table: 'MyFungalStraints'\r\n@@view: ''\r\n@@'InputSchema:item': '1941886258'\r\n@@'OutputSchema:PostItemResponse': '-436874475'\r\n@@connectionDisplayName: 'Crdb334_shared_sharepointonline_af591b0b'\r\nExternal.InvokeCloudConnector Connection: 'ae306376-67ca-477c-a926-3cebd7c98cd9' ConnectorId: '/providers/Microsoft.PowerApps/apis/shared_sharepointonline' OperationId: 'PostItem' @dataset: $'''https://qubit535.sharepoint.com/sites/OnePoint''' @table: $'''af8f6fef-b705-4063-aae2-df56cc114512''' @'item/Title': $'''FungalStraints''' @PostItemResponse=&gt; PostItemResponse\r\n    @@'emailMessage/Sensitivity': ''\r\n@@connectionDisplayName: 'Office 365 Outlook Demo-48d5a'\r\nExternal.InvokeCloudConnector Connection: '23c44be6-fbda-4162-a526-d2da1e4a63cc' ConnectorId: '/providers/Microsoft.PowerApps/apis/shared_office365' OperationId: 'SendEmailV2' @'emailMessage/To': $'''abhishekbhat@hcl.com''' @'emailMessage/Subject': $'''Resistant strains data''' @'emailMessage/Body': MyAPIResp\r\nEND\r\n"</Definition>
      <SchemaVersion>2022.07</SchemaVersion>
      <DesktopFlowModules>[]</DesktopFlowModules>
      <PrimaryEntity>none</PrimaryEntity>
      <LocalizedNames>
        <LocalizedName languagecode="1033" description="UseCase2CollectDataFromAPI" />
      </LocalizedNames>
    </Workflow>
  </Workflows>
  <FieldSecurityProfiles></FieldSecurityProfiles>
  <Templates />
  <EntityMaps />
  <EntityRelationships />
  <OrganizationSettings />
  <optionsets />
  <CustomControls />
  <EntityDataProviders />
  <Languages>
    <Language>1033</Language>
  </Languages>
</ImportExportXml>