<desktopflowbinary desktopflowbinaryid="28c45ff3-4808-41db-a162-a4a8c1a5bc6a">
  <data mimetype="application/json">DependenciesFile_5199acb9-680a-4521-8867-cfc74fa0ecf0.json</data>
  <iscustomizable>1</iscustomizable>
  <metadata>{}</metadata>
  <mimetype>application/json</mimetype>
  <name>Desktop flow dependencies file</name>
  <process>
    <workflowid>dc989486-4437-43b7-8fa5-8d01ca5aa342</workflowid>
  </process>
  <reference>flow.dependencies</reference>
  <statecode>0</statecode>
  <statuscode>1</statuscode>
  <type>DependenciesFile</type>
</desktopflowbinary>